id;start_date;end_date;language
1;2025-05-21T18:01:26;2025-05-21T11:57:21;SPANISH
2;2025-05-21T19:10:24;2025-05-22T08:57:33;SPANISH
3;2025-05-22T08:58:04;2025-05-22T00:50:59;FRENCH
4;2025-05-22T06:08:31;2025-05-22T10:44:40;FRENCH
5;2025-05-21T19:49:32;2025-05-21T19:18:29;SPANISH
6;2025-05-21T15:53:13;2025-05-22T05:01:45;FRENCH
7;2025-05-21T16:19:47;2025-05-21T13:38:58;ENGLISH
8;2025-05-21T16:26:01;2025-05-22T01:30:41;FRENCH
9;2025-05-22T08:05:16;2025-05-21T17:51:46;ENGLISH
10;2025-05-22T07:07:51;2025-05-21T15:12:22;FRENCH
